<?xml version="1.0" encoding="UTF-8"?>
<project-private xmlns="http://www.netbeans.org/ns/project-private/1">
    <editor-bookmarks xmlns="http://www.netbeans.org/ns/editor-bookmarks/2" lastBookmarkId="0"/>
    <open-files xmlns="http://www.netbeans.org/ns/projectui-open-files/2">
        <group>
            <file>file:/C:/Users/Jose%20Fabricio%20Silva/OneDrive/Documentos/DepRepProduto_Novo_raiva/DepRepProduto_Novo_raiva/src/ete/piviews/TelaCadastro.java</file>
            <file>file:/C:/Users/Jose%20Fabricio%20Silva/OneDrive/Documentos/DepRepProduto_Novo_raiva/DepRepProduto_Novo_raiva/src/ete/piviews/TelaLogin.java</file>
        </group>
    </open-files>
</project-private>
