<?xml version="1.0" encoding="UTF-8"?>
<project-private xmlns="http://www.netbeans.org/ns/project-private/1">
    <editor-bookmarks xmlns="http://www.netbeans.org/ns/editor-bookmarks/2" lastBookmarkId="0"/>
    <open-files xmlns="http://www.netbeans.org/ns/projectui-open-files/2">
        <group>
            <file>file:/C:/Users/Aluno/Documents/NetBeansProjects/AppHerança/src/ete/negocios/Aluno.java</file>
            <file>file:/C:/Users/Aluno/Documents/NetBeansProjects/AppHerança/src/ete/negocios/Principal.java</file>
            <file>file:/C:/Users/Aluno/Documents/NetBeansProjects/AppHerança/src/ete/negocios/Pessoa.java</file>
            <file>file:/C:/Users/Aluno/Documents/NetBeansProjects/AppHerança/src/ete/negocios/Funcionário.java</file>
            <file>file:/C:/Users/Aluno/Documents/NetBeansProjects/AppHerança/src/ete/negocios/Professor.java</file>
        </group>
    </open-files>
</project-private>
